source_frame,source_time_s,estado,origen_componente,ang_actual,ang_estados,x_near,x_mid,e_lat,e_head,target_x,target_y,ang_lookahead,motivo_target
0,0.000,HIGH,toca_abajo,43.9,0.659,55.7,57.3,-23.8,6.2,57.3,100.1,-48.1,punto adelante de la componente
1,0.050,HIGH,toca_abajo,43.9,0.659,55.7,57.4,-23.8,6.4,57.4,100.1,-48.1,punto adelante de la componente
2,0.100,HIGH,toca_abajo,43.9,0.659,55.7,57.4,-23.8,6.4,57.4,100.1,-48.1,punto adelante de la componente
3,0.150,HIGH,toca_abajo,43.9,0.659,55.7,57.4,-23.8,6.4,57.4,100.1,-48.1,punto adelante de la componente
4,0.200,HIGH,toca_abajo,43.9,0.659,55.7,57.3,-23.8,6.2,57.3,100.1,-48.1,punto adelante de la componente
5,0.250,HIGH,toca_abajo,43.9,0.659,55.7,57.3,-23.8,6.2,57.3,100.1,-48.1,punto adelante de la componente
6,0.300,HIGH,toca_abajo,43.9,0.659,55.7,57.3,-23.8,6.2,57.3,100.1,-48.1,punto adelante de la componente
7,0.350,HIGH,toca_abajo,43.9,0.659,55.7,57.4,-23.8,6.4,57.4,100.1,-48.1,punto adelante de la componente
8,0.400,HIGH,toca_abajo,43.9,0.659,55.7,57.3,-23.8,6.2,57.3,100.1,-48.1,punto adelante de la componente
9,0.450,HIGH,toca_abajo,43.9,0.659,55.7,57.3,-23.8,6.2,57.3,100.1,-48.1,punto adelante de la componente
10,0.500,HIGH,toca_abajo,43.9,0.659,55.7,57.3,-23.8,6.2,57.3,100.1,-48.1,punto adelante de la componente
11,0.550,HIGH,toca_abajo,43.9,0.659,55.7,57.4,-23.8,6.4,57.4,100.1,-48.1,punto adelante de la componente
12,0.600,HIGH,toca_abajo,43.9,0.659,55.7,57.3,-23.8,6.2,57.3,100.1,-48.1,punto adelante de la componente
13,0.650,HIGH,toca_abajo,43.9,0.659,55.7,57.4,-23.8,6.4,57.4,100.1,-48.1,punto adelante de la componente
14,0.700,HIGH,toca_abajo,43.9,0.659,55.7,57.4,-23.8,6.4,57.4,100.1,-48.1,punto adelante de la componente
15,0.750,HIGH,toca_abajo,43.9,0.659,55.7,57.4,-23.8,6.4,57.4,100.1,-48.1,punto adelante de la componente
16,0.800,HIGH,toca_abajo,43.9,0.659,55.7,57.4,-23.8,6.4,57.4,100.1,-48.1,punto adelante de la componente
17,0.850,HIGH,toca_abajo,43.9,0.659,55.7,57.4,-23.8,6.4,57.4,100.1,-48.1,punto adelante de la componente
18,0.900,HIGH,toca_abajo,43.9,0.659,55.7,57.4,-23.8,6.4,57.4,100.1,-48.1,punto adelante de la componente
19,0.950,HIGH,toca_abajo,43.9,0.659,55.7,57.4,-23.8,6.4,57.4,100.1,-48.1,punto adelante de la componente
20,1.000,HIGH,toca_abajo,43.9,0.659,55.7,57.4,-23.8,6.4,57.4,100.1,-48.1,punto adelante de la componente
21,1.050,HIGH,toca_abajo,43.9,0.659,55.7,57.4,-23.8,6.4,57.4,100.1,-48.1,punto adelante de la componente
22,1.100,HIGH,toca_abajo,43.9,0.659,55.7,57.4,-23.8,6.4,57.4,100.1,-48.1,punto adelante de la componente
23,1.150,HIGH,toca_abajo,43.9,0.659,55.7,57.4,-23.8,6.4,57.4,100.1,-48.1,punto adelante de la componente
24,1.200,HIGH,toca_abajo,43.9,0.659,55.7,57.4,-23.8,6.4,57.4,100.1,-48.1,punto adelante de la componente
25,1.250,HIGH,toca_abajo,44.0,0.660,55.7,57.4,-23.8,6.4,57.4,100.1,-48.1,punto adelante de la componente
26,1.300,HIGH,toca_abajo,43.9,0.659,55.8,57.4,-23.7,6.2,57.4,100.1,-48.1,punto adelante de la componente
27,1.350,HIGH,toca_abajo,43.9,0.659,55.8,57.4,-23.7,6.2,57.4,100.1,-48.1,punto adelante de la componente
28,1.400,HIGH,toca_abajo,43.9,0.659,55.8,57.4,-23.7,6.3,57.4,100.1,-48.0,punto adelante de la componente
29,1.450,HIGH,toca_abajo,43.9,0.659,55.8,57.4,-23.7,6.2,57.4,100.1,-48.1,punto adelante de la componente
30,1.500,HIGH,toca_abajo,43.9,0.659,55.8,57.4,-23.7,6.2,57.4,100.1,-48.1,punto adelante de la componente
31,1.550,HIGH,toca_abajo,43.9,0.659,55.8,57.3,-23.7,6.0,57.3,100.1,-48.1,punto adelante de la componente
32,1.600,HIGH,toca_abajo,43.9,0.659,55.8,57.4,-23.7,6.0,57.4,100.1,-48.1,punto adelante de la componente
33,1.650,HIGH,toca_abajo,43.9,0.659,55.8,57.4,-23.7,6.2,57.4,100.1,-48.1,punto adelante de la componente
34,1.700,HIGH,toca_abajo,43.9,0.658,55.8,57.4,-23.7,6.2,57.4,100.1,-48.0,punto adelante de la componente
35,1.750,HIGH,toca_abajo,43.9,0.658,55.8,57.4,-23.7,6.0,57.4,100.1,-48.1,punto adelante de la componente
36,1.800,HIGH,toca_abajo,43.9,0.659,55.8,57.3,-23.7,6.0,57.3,100.1,-48.1,punto adelante de la componente
37,1.850,HIGH,toca_abajo,43.9,0.659,55.8,57.4,-23.7,6.2,57.4,100.1,-48.1,punto adelante de la componente
38,1.900,HIGH,toca_abajo,43.9,0.659,55.8,57.4,-23.7,6.2,57.4,100.1,-48.1,punto adelante de la componente
39,1.950,HIGH,toca_abajo,43.9,0.659,55.8,57.4,-23.7,6.0,57.4,100.1,-48.1,punto adelante de la componente
40,2.000,HIGH,toca_abajo,43.9,0.659,55.8,57.4,-23.7,6.0,57.4,100.1,-48.1,punto adelante de la componente
41,2.050,HIGH,toca_abajo,43.9,0.658,55.8,57.4,-23.7,6.0,57.4,100.1,-48.1,punto adelante de la componente
42,2.100,HIGH,toca_abajo,43.9,0.658,55.9,57.3,-23.6,5.8,57.3,100.1,-48.1,punto adelante de la componente
43,2.150,HIGH,toca_abajo,43.9,0.658,55.9,57.4,-23.6,6.0,57.4,100.1,-48.0,punto adelante de la componente
44,2.200,HIGH,toca_abajo,43.9,0.658,55.8,57.4,-23.7,6.0,57.4,100.1,-48.1,punto adelante de la componente
45,2.250,HIGH,toca_abajo,43.9,0.658,55.8,57.4,-23.7,6.1,57.4,100.1,-48.0,punto adelante de la componente
46,2.300,HIGH,toca_abajo,43.9,0.658,55.9,57.4,-23.6,6.1,57.4,100.1,-48.0,punto adelante de la componente
47,2.350,HIGH,toca_abajo,43.9,0.658,55.8,57.4,-23.7,6.0,57.4,100.1,-48.1,punto adelante de la componente
48,2.400,HIGH,toca_abajo,43.5,0.652,56.0,57.6,-23.5,6.2,57.6,100.1,-47.7,punto adelante de la componente
49,2.450,HIGH,toca_abajo,42.9,0.643,56.6,58.1,-22.9,5.9,58.1,100.1,-47.1,punto adelante de la componente
50,2.500,HIGH,toca_abajo,43.3,0.650,56.3,57.8,-23.2,5.8,57.8,100.1,-47.5,punto adelante de la componente
51,2.550,HIGH,toca_abajo,43.5,0.652,56.1,57.6,-23.4,6.0,57.6,100.1,-47.7,punto adelante de la componente
52,2.600,HIGH,toca_abajo,43.8,0.657,55.7,57.2,-23.8,5.8,57.2,100.1,-48.2,punto adelante de la componente
53,2.650,HIGH,toca_abajo,43.7,0.656,55.6,57.2,-23.9,6.4,57.2,100.1,-48.2,punto adelante de la componente
54,2.700,HIGH,toca_abajo,42.2,0.633,56.6,58.4,-22.9,6.8,58.4,100.1,-46.7,punto adelante de la componente
55,2.750,HIGH,toca_abajo,40.3,0.604,58.3,59.7,-21.2,5.4,59.7,100.1,-44.8,punto adelante de la componente
56,2.800,HIGH,toca_abajo,38.8,0.583,59.5,60.7,-20.0,4.8,60.7,100.1,-43.3,punto adelante de la componente
57,2.850,HIGH,toca_abajo,38.0,0.570,59.8,61.2,-19.7,5.4,61.2,100.1,-42.6,punto adelante de la componente
58,2.900,HIGH,toca_abajo,37.5,0.562,60.3,61.6,-19.2,5.3,61.6,100.1,-41.9,punto adelante de la componente
59,2.950,HIGH,toca_abajo,37.9,0.568,60.0,61.3,-19.5,4.8,61.3,100.1,-42.5,punto adelante de la componente
60,3.000,HIGH,toca_abajo,38.0,0.570,59.9,61.3,-19.6,5.4,61.3,100.1,-42.5,punto adelante de la componente
61,3.050,HIGH,toca_abajo,37.7,0.565,60.0,61.4,-19.5,5.5,61.4,100.1,-42.2,punto adelante de la componente
62,3.100,HIGH,toca_abajo,38.0,0.570,59.9,61.3,-19.6,5.2,61.3,100.1,-42.5,punto adelante de la componente
63,3.150,HIGH,toca_abajo,38.7,0.580,59.4,60.7,-20.1,4.9,60.7,100.1,-43.4,punto adelante de la componente
64,3.200,HIGH,toca_abajo,37.4,0.561,60.0,61.5,-19.5,5.7,61.5,100.1,-42.1,punto adelante de la componente
65,3.250,HIGH,toca_abajo,34.6,0.518,61.7,63.2,-17.8,5.8,63.2,100.1,-39.4,punto adelante de la componente
66,3.300,HIGH,toca_abajo,31.3,0.470,63.8,65.0,-15.7,4.9,65.0,100.1,-36.0,punto adelante de la componente
67,3.350,HIGH,toca_abajo,27.3,0.410,65.9,67.2,-13.6,5.1,67.2,100.1,-31.8,punto adelante de la componente
68,3.400,HIGH,toca_abajo,24.4,0.367,67.4,68.4,-12.1,3.8,68.4,100.1,-29.1,punto adelante de la componente
69,3.450,HIGH,toca_abajo,24.6,0.369,67.6,68.4,-11.9,3.2,68.4,100.1,-29.0,punto adelante de la componente
70,3.500,HIGH,toca_abajo,22.4,0.336,68.5,69.6,-11.0,4.3,69.6,100.1,-26.4,punto adelante de la componente
71,3.550,HIGH,toca_abajo,19.0,0.285,70.3,71.1,-9.2,3.1,71.1,100.1,-22.8,punto adelante de la componente
72,3.600,HIGH,toca_abajo,17.4,0.260,71.1,71.9,-8.4,3.2,71.9,100.1,-20.8,punto adelante de la componente
73,3.650,HIGH,toca_abajo,17.4,0.260,71.2,72.0,-8.3,3.0,72.0,100.1,-20.7,punto adelante de la componente
74,3.700,HIGH,toca_abajo,18.6,0.279,70.8,71.3,-8.7,1.9,71.3,100.1,-22.5,punto adelante de la componente
75,3.750,HIGH,toca_abajo,17.4,0.261,71.3,71.9,-8.2,2.4,71.9,100.1,-20.9,punto adelante de la componente
76,3.800,HIGH,toca_abajo,16.3,0.245,71.9,72.4,-7.6,2.0,72.4,100.1,-19.6,punto adelante de la componente
77,3.850,HIGH,toca_abajo,17.3,0.260,71.6,72.0,-7.9,1.6,72.0,100.1,-20.5,punto adelante de la componente
78,3.900,HIGH,toca_abajo,18.4,0.275,71.2,71.6,-8.3,1.3,71.6,100.1,-21.7,punto adelante de la componente
79,3.950,HIGH,toca_abajo,20.9,0.314,70.2,70.5,-9.3,0.8,70.5,100.1,-24.4,punto adelante de la componente
80,4.000,HIGH,toca_abajo,21.9,0.328,69.6,70.0,-9.9,1.4,70.0,100.1,-25.5,punto adelante de la componente
81,4.050,HIGH,toca_abajo,21.5,0.323,69.8,70.2,-9.7,1.5,70.2,100.1,-25.0,punto adelante de la componente
82,4.100,HIGH,toca_abajo,21.6,0.324,69.7,70.2,-9.8,1.7,70.2,100.1,-25.1,punto adelante de la componente
83,4.150,HIGH,toca_abajo,20.5,0.308,70.3,70.6,-9.2,1.1,70.6,100.1,-24.1,punto adelante de la componente
84,4.200,HIGH,toca_abajo,20.8,0.313,70.2,70.6,-9.3,1.3,70.6,100.1,-24.1,punto adelante de la componente
85,4.250,HIGH,toca_abajo,21.6,0.325,70.0,70.3,-9.5,1.1,70.3,100.1,-24.9,punto adelante de la componente
86,4.300,HIGH,toca_abajo,21.5,0.322,70.1,70.5,-9.4,1.4,70.5,100.1,-24.4,punto adelante de la componente
87,4.350,HIGH,toca_abajo,21.3,0.319,70.5,70.8,-9.0,1.1,70.8,100.1,-23.7,punto adelante de la componente
88,4.400,HIGH,toca_abajo,21.7,0.326,70.8,71.0,-8.7,1.0,71.0,100.1,-23.0,punto adelante de la componente
89,4.450,HIGH,toca_abajo,21.3,0.320,71.2,71.5,-8.3,1.0,71.5,100.1,-21.9,punto adelante de la componente
90,4.500,HIGH,toca_abajo,21.7,0.326,71.8,71.8,-7.7,0.1,71.8,100.1,-21.2,punto adelante de la componente
91,4.550,HIGH,toca_abajo,23.0,0.345,71.6,71.6,-7.9,0.1,71.6,100.1,-21.6,punto adelante de la componente
92,4.600,HIGH,toca_abajo,23.8,0.357,71.5,71.5,-8.0,0.2,71.5,100.1,-21.8,punto adelante de la componente
93,4.650,HIGH,toca_abajo,23.2,0.348,71.7,71.8,-7.8,0.5,71.8,100.1,-21.1,punto adelante de la componente
94,4.700,HIGH,toca_abajo,22.7,0.341,72.1,72.2,-7.4,0.1,72.2,100.1,-20.2,punto adelante de la componente
95,4.750,HIGH,toca_abajo,23.3,0.349,72.2,72.0,-7.3,-0.6,72.0,100.1,-20.5,punto adelante de la componente
96,4.800,HIGH,toca_abajo,23.5,0.352,72.2,72.0,-7.3,-0.6,72.0,100.1,-20.5,punto adelante de la componente
97,4.850,HIGH,toca_abajo,24.3,0.364,72.2,72.0,-7.3,-0.6,72.0,100.1,-20.5,punto adelante de la componente
98,4.900,HIGH,toca_abajo,25.8,0.387,72.1,71.9,-7.4,-0.6,71.9,100.1,-20.9,punto adelante de la componente
99,4.950,HIGH,toca_abajo,28.6,0.429,71.5,71.4,-8.0,-0.7,71.4,100.1,-22.2,punto adelante de la componente
100,5.000,HIGH,toca_abajo,31.7,0.476,71.3,71.1,-8.2,-1.0,71.1,100.1,-23.0,punto adelante de la componente
101,5.050,HIGH,toca_abajo,34.9,0.524,72.1,70.4,-7.4,-6.5,70.4,100.0,-24.5,punto adelante de la componente
102,5.100,HIGH,toca_abajo,38.5,0.577,73.2,68.1,-6.3,-19.1,68.1,99.9,-29.5,punto adelante de la componente
103,5.150,HIGH,toca_abajo,41.3,0.619,73.4,66.7,-6.1,-24.5,66.7,100.0,-32.5,punto adelante de la componente
104,5.200,HIGH,toca_abajo,45.1,0.677,71.4,65.2,-8.1,-23.7,65.2,100.2,-35.9,punto adelante de la componente
105,5.250,HIGH,toca_abajo,48.8,0.733,69.2,61.6,-10.3,-28.2,61.6,100.3,-42.2,punto adelante de la componente
106,5.300,HIGH,toca_abajo,49.6,0.743,69.3,60.5,-10.2,-31.9,60.5,100.3,-43.9,punto adelante de la componente
107,5.350,HIGH,toca_abajo,52.7,0.790,67.3,56.2,-12.2,-38.1,56.2,100.3,-49.7,punto adelante de la componente
108,5.400,HIGH,toca_abajo,54.3,0.815,66.1,54.0,-13.4,-40.5,54.0,100.3,-52.2,punto adelante de la componente
109,5.450,HIGH,toca_abajo,56.5,0.848,64.6,51.2,-14.9,-43.4,51.2,100.3,-55.2,punto adelante de la componente
110,5.500,HIGH,toca_abajo,60.4,0.906,60.4,45.5,-19.1,-46.0,45.5,100.3,-59.9,punto adelante de la componente
111,5.550,HIGH,toca_abajo,64.7,0.971,51.7,38.1,-27.8,-43.6,38.1,100.2,-64.5,punto adelante de la componente
112,5.600,HIGH,toca_abajo,67.8,1.000,43.9,32.2,-35.6,-39.6,32.2,100.3,-67.4,punto adelante de la componente
113,5.650,HIGH,toca_abajo,69.9,1.000,36.7,27.6,-42.8,-32.7,27.6,100.4,-69.3,punto adelante de la componente
114,5.700,HIGH,toca_abajo,71.4,1.000,31.3,23.7,-48.2,-28.3,23.7,100.4,-70.7,punto adelante de la componente
115,5.750,HIGH,toca_abajo,72.3,1.000,28.0,20.6,-51.5,-27.6,20.6,100.5,-71.6,punto adelante de la componente
116,5.800,HIGH,toca_abajo,72.8,1.000,25.6,18.4,-53.9,-26.9,18.4,100.5,-72.3,punto adelante de la componente
117,5.850,HIGH,toca_abajo,73.1,1.000,23.7,17.1,-55.8,-24.9,17.1,100.5,-72.6,punto adelante de la componente
118,5.900,HIGH,toca_abajo,73.0,1.000,22.8,16.5,-56.7,-23.9,16.5,100.5,-72.8,punto adelante de la componente
119,5.950,HIGH,toca_abajo,73.1,1.000,22.2,16.2,-57.3,-22.9,16.2,100.4,-72.8,punto adelante de la componente
120,6.000,HIGH,toca_abajo,72.8,1.000,22.2,16.1,-57.3,-23.3,16.1,100.4,-72.8,punto adelante de la componente
121,6.050,HIGH,toca_abajo,72.6,1.000,21.9,15.8,-57.6,-23.2,15.8,100.4,-72.9,punto adelante de la componente
122,6.100,HIGH,toca_abajo,72.4,1.000,21.5,15.8,-58.0,-21.9,15.8,100.4,-72.9,punto adelante de la componente
123,6.150,HIGH,toca_abajo,72.0,1.000,20.9,15.9,-58.6,-19.7,15.9,100.3,-72.8,punto adelante de la componente
124,6.200,HIGH,toca_abajo,71.8,1.000,20.7,15.8,-58.8,-19.1,15.8,100.2,-72.8,punto adelante de la componente
125,6.250,HIGH,toca_abajo,71.4,1.000,20.5,16.0,-59.0,-17.6,16.0,100.2,-72.7,punto adelante de la componente
126,6.300,HIGH,toca_abajo,71.0,1.000,20.9,16.6,-58.6,-16.9,16.6,100.2,-72.5,punto adelante de la componente
127,6.350,HIGH,toca_abajo,70.4,1.000,21.3,17.1,-58.2,-16.6,17.1,100.1,-72.3,punto adelante de la componente
128,6.400,HIGH,toca_abajo,69.9,1.000,21.7,17.8,-57.8,-15.8,17.8,100.1,-72.2,punto adelante de la componente
129,6.450,HIGH,toca_abajo,69.4,1.000,22.4,18.7,-57.1,-14.8,18.7,100.1,-71.9,punto adelante de la componente
130,6.500,HIGH,toca_abajo,68.9,1.000,23.5,19.8,-56.0,-14.6,19.8,100.1,-71.6,punto adelante de la componente
131,6.550,HIGH,toca_abajo,68.4,1.000,24.6,20.8,-54.9,-14.7,20.8,100.1,-71.3,punto adelante de la componente
132,6.600,HIGH,toca_abajo,68.1,1.000,24.7,21.3,-54.8,-13.4,21.3,100.1,-71.1,punto adelante de la componente
133,6.650,HIGH,toca_abajo,67.7,1.000,26.1,22.6,-53.4,-13.7,22.6,100.1,-70.7,punto adelante de la componente
134,6.700,HIGH,toca_abajo,67.3,1.000,27.9,24.3,-51.6,-14.5,24.3,100.1,-70.2,punto adelante de la componente
135,6.750,HIGH,toca_abajo,66.9,1.000,29.2,25.5,-50.3,-14.6,25.5,100.1,-69.8,punto adelante de la componente
136,6.800,HIGH,toca_abajo,66.3,0.995,30.2,26.7,-49.3,-13.7,26.7,100.1,-69.4,punto adelante de la componente
137,6.850,HIGH,toca_abajo,65.4,0.981,31.9,30.0,-47.6,-7.8,30.0,100.3,-68.2,punto adelante de la componente
138,6.900,HIGH,toca_abajo,64.2,0.963,34.8,33.0,-44.7,-7.2,33.0,100.1,-66.9,punto adelante de la componente
139,6.950,HIGH,toca_abajo,62.5,0.937,38.9,35.9,-40.6,-11.4,35.9,100.0,-65.3,punto adelante de la componente
140,7.000,HIGH,toca_abajo,60.3,0.905,43.3,37.7,-36.2,-21.4,37.7,100.1,-64.6,punto adelante de la componente
141,7.050,HIGH,toca_abajo,58.7,0.880,47.3,41.3,-32.2,-22.6,41.3,100.2,-62.6,punto adelante de la componente
142,7.100,HIGH,toca_abajo,55.7,0.836,49.2,44.9,-30.3,-16.4,44.9,100.1,-60.1,punto adelante de la componente
143,7.150,HIGH,toca_abajo,54.4,0.816,46.9,46.8,-32.6,-0.4,46.8,100.1,-58.7,punto adelante de la componente
144,7.200,HIGH,toca_abajo,51.2,0.767,52.7,49.8,-26.8,-11.1,49.8,100.1,-56.2,punto adelante de la componente
145,7.250,HIGH,toca_abajo,47.2,0.708,56.7,53.5,-22.8,-12.4,53.5,100.1,-52.6,punto adelante de la componente
146,7.300,HIGH,toca_abajo,43.2,0.649,60.2,56.4,-19.3,-14.5,56.4,100.1,-49.3,punto adelante de la componente
147,7.350,HIGH,toca_abajo,38.3,0.574,64.0,59.9,-15.5,-15.8,59.9,100.1,-44.6,punto adelante de la componente
148,7.400,HIGH,toca_abajo,33.4,0.501,67.3,62.7,-12.2,-17.4,62.7,100.1,-40.1,punto adelante de la componente
149,7.450,HIGH,toca_abajo,30.2,0.454,69.2,64.5,-10.3,-17.8,64.5,100.1,-37.0,punto adelante de la componente
150,7.500,HIGH,toca_abajo,26.6,0.399,70.7,66.6,-8.8,-15.4,66.6,100.1,-32.8,punto adelante de la componente
151,7.550,HIGH,toca_abajo,23.6,0.354,72.1,68.2,-7.4,-14.7,68.2,100.0,-29.5,punto adelante de la componente
152,7.600,HIGH,toca_abajo,20.1,0.301,73.9,69.8,-5.6,-15.3,69.8,100.0,-25.8,punto adelante de la componente
153,7.650,HIGH,toca_abajo,15.7,0.236,75.7,71.9,-3.8,-14.3,71.9,100.0,-20.8,punto adelante de la componente
154,7.700,HIGH,toca_abajo,11.1,0.167,78.1,73.7,-1.4,-16.5,73.7,100.0,-16.0,punto adelante de la componente
155,7.750,HIGH,toca_abajo,8.1,0.122,79.6,75.1,0.1,-16.9,75.1,100.0,-12.4,punto adelante de la componente
156,7.800,HIGH,toca_abajo,5.5,0.083,80.4,76.2,0.9,-15.7,76.2,100.0,-9.3,punto adelante de la componente
157,7.850,HIGH,toca_abajo,3.2,0.048,81.9,77.0,2.4,-18.1,77.0,100.0,-7.0,punto adelante de la componente
158,7.900,HIGH,toca_abajo,2.4,0.036,82.4,77.2,2.9,-19.7,77.2,100.0,-6.7,punto adelante de la componente
159,7.950,HIGH,toca_abajo,0.9,0.013,83.5,77.9,4.0,-20.8,77.9,100.0,-4.7,punto adelante de la componente
160,8.000,HIGH,toca_abajo,-0.5,-0.007,86.7,78.3,7.2,-29.9,78.3,100.0,-3.6,punto adelante de la componente
161,8.050,HIGH,toca_abajo,-2.9,-0.044,84.7,79.9,5.2,-17.9,79.9,99.9,1.2,punto adelante de la componente
162,8.100,HIGH,toca_abajo,-4.0,-0.060,85.3,80.3,5.8,-18.5,80.3,99.9,2.3,punto adelante de la componente
163,8.150,HIGH,toca_abajo,-4.8,-0.072,85.7,80.5,6.2,-19.0,80.5,99.9,2.9,punto adelante de la componente
164,8.200,HIGH,toca_abajo,-6.5,-0.097,86.6,81.1,7.1,-20.4,81.1,99.9,4.4,punto adelante de la componente
165,8.250,HIGH,toca_abajo,-8.0,-0.120,87.6,81.6,8.1,-22.1,81.6,100.0,5.9,punto adelante de la componente
166,8.300,HIGH,toca_abajo,-9.2,-0.138,88.1,82.2,8.6,-21.7,82.2,100.0,7.7,punto adelante de la componente
167,8.350,HIGH,toca_abajo,-11.7,-0.175,89.6,83.3,10.1,-23.4,83.3,100.0,10.7,punto adelante de la componente
168,8.400,HIGH,toca_abajo,-12.9,-0.194,89.9,83.8,10.4,-22.7,83.8,100.0,12.1,punto adelante de la componente
169,8.450,HIGH,toca_abajo,-15.0,-0.225,90.4,84.4,10.9,-22.4,84.4,100.1,13.9,punto adelante de la componente
170,8.500,HIGH,toca_abajo,-18.0,-0.270,91.4,85.0,11.9,-23.9,85.0,100.1,15.4,punto adelante de la componente
171,8.550,HIGH,toca_abajo,-20.5,-0.307,91.7,85.9,12.2,-21.9,85.9,100.1,17.7,punto adelante de la componente
172,8.600,HIGH,toca_abajo,-22.7,-0.341,92.2,86.1,12.7,-22.7,86.1,100.1,18.4,punto adelante de la componente
173,8.650,HIGH,toca_abajo,-25.9,-0.388,92.7,87.0,13.2,-21.5,87.0,100.1,20.6,punto adelante de la componente
174,8.700,HIGH,toca_abajo,-28.9,-0.433,93.4,87.9,13.9,-20.9,87.9,100.2,22.9,punto adelante de la componente
175,8.750,HIGH,toca_abajo,-32.0,-0.480,94.1,88.5,14.6,-21.0,88.5,100.2,24.5,punto adelante de la componente
176,8.800,HIGH,toca_abajo,-35.0,-0.525,93.9,89.4,14.4,-17.1,89.4,100.2,26.6,punto adelante de la componente
177,8.850,HIGH,toca_abajo,-37.4,-0.560,94.1,90.0,14.6,-15.8,90.0,100.2,27.9,punto adelante de la componente
178,8.900,HIGH,toca_abajo,-39.9,-0.598,94.3,90.2,14.8,-15.5,90.2,100.1,28.3,punto adelante de la componente
179,8.950,HIGH,toca_abajo,-42.5,-0.637,94.7,90.7,15.2,-15.6,90.7,100.1,29.3,punto adelante de la componente
180,9.000,HIGH,toca_abajo,-44.9,-0.673,95.1,91.6,15.6,-13.5,91.6,100.2,31.4,punto adelante de la componente
181,9.050,HIGH,toca_abajo,-46.4,-0.696,95.5,92.7,16.0,-10.6,92.7,100.1,33.6,punto adelante de la componente
182,9.100,HIGH,toca_abajo,-48.0,-0.720,95.7,94.9,16.2,-3.3,94.9,99.9,37.4,punto adelante de la componente
183,9.150,HIGH,toca_abajo,-49.7,-0.746,95.1,97.8,15.6,10.3,97.8,99.7,42.1,punto adelante de la componente
184,9.200,HIGH,toca_abajo,-52.2,-0.782,93.9,103.5,14.4,32.7,103.5,99.7,49.7,punto adelante de la componente
185,9.250,HIGH,toca_abajo,-55.5,-0.832,94.0,108.6,14.5,44.9,108.6,99.9,55.3,punto adelante de la componente
186,9.300,HIGH,toca_abajo,-59.3,-0.889,96.1,110.7,16.6,45.5,110.7,100.1,57.4,punto adelante de la componente
187,9.350,HIGH,toca_abajo,-63.7,-0.956,103.8,111.0,24.3,26.9,111.0,100.1,57.7,punto adelante de la componente
188,9.400,HIGH,toca_abajo,-66.8,-1.000,109.1,110.8,29.6,6.6,110.8,100.1,57.6,punto adelante de la componente
189,9.450,HIGH,toca_abajo,-68.3,-1.000,110.8,110.4,31.3,-1.6,110.4,100.1,57.2,punto adelante de la componente
190,9.500,HIGH,toca_abajo,-69.4,-1.000,110.3,111.1,30.8,3.1,111.1,100.2,58.0,punto adelante de la componente
191,9.550,HIGH,toca_abajo,-70.1,-1.000,110.1,113.9,30.6,15.3,113.9,100.6,60.7,punto adelante de la componente
192,9.600,HIGH,toca_abajo,-70.7,-1.000,109.8,118.2,30.3,31.9,118.2,101.1,64.0,punto adelante de la componente
193,9.650,HIGH,toca_abajo,-71.1,-1.000,109.5,121.5,30.0,42.2,121.5,101.3,66.0,punto adelante de la componente
194,9.700,HIGH,toca_abajo,-71.6,-1.000,108.9,131.8,29.4,59.9,131.8,101.2,70.3,punto adelante de la componente
195,9.750,HIGH,toca_abajo,-71.8,-1.000,108.5,137.1,29.0,65.2,137.1,101.2,72.0,punto adelante de la componente
196,9.800,HIGH,toca_abajo,-71.9,-1.000,108.4,140.1,28.9,67.3,140.1,101.2,72.8,punto adelante de la componente
197,9.850,HIGH,toca_abajo,-71.8,-1.000,108.9,143.1,29.4,68.7,143.1,101.2,73.6,punto adelante de la componente
198,9.900,HIGH,toca_abajo,-71.9,-1.000,109.9,144.4,30.4,68.6,144.4,101.2,73.8,punto adelante de la componente
199,9.950,HIGH,toca_abajo,-71.8,-1.000,108.9,142.6,29.4,68.2,142.6,101.1,73.4,punto adelante de la componente
200,10.000,HIGH,toca_abajo,-71.8,-1.000,108.6,142.1,29.1,68.1,142.1,101.1,73.2,punto adelante de la componente
201,10.050,HIGH,toca_abajo,-72.0,-1.000,109.1,142.6,29.6,68.0,142.6,101.1,73.4,punto adelante de la componente
202,10.100,HIGH,toca_abajo,-71.8,-1.000,108.8,141.7,29.3,67.7,141.7,101.1,73.1,punto adelante de la componente
203,10.150,HIGH,toca_abajo,-71.3,-1.000,107.2,138.9,27.7,67.0,138.9,101.0,72.3,punto adelante de la componente
204,10.200,HIGH,toca_abajo,-70.8,-1.000,106.7,138.2,27.2,66.7,138.2,101.0,72.0,punto adelante de la componente
205,10.250,HIGH,toca_abajo,-70.5,-1.000,106.9,138.8,27.4,66.7,138.8,100.9,72.1,punto adelante de la componente
206,10.300,HIGH,toca_abajo,-70.2,-1.000,107.3,138.8,27.8,66.3,138.8,100.8,72.1,punto adelante de la componente
207,10.350,HIGH,toca_abajo,-70.0,-1.000,113.6,143.1,34.1,64.3,143.1,100.8,73.2,punto adelante de la componente
208,10.400,HIGH,toca_abajo,-68.3,-1.000,126.3,147.0,46.8,55.7,147.0,100.9,74.2,punto adelante de la componente
209,10.450,HIGH,toca_abajo,-63.8,-0.957,136.4,150.8,56.9,45.5,150.8,100.9,75.0,punto adelante de la componente
210,10.500,HIGH,toca_abajo,-58.5,-0.877,142.4,152.6,62.9,34.6,152.6,100.2,74.9,punto adelante de la componente
211,10.550,HIGH,toca_abajo,-55.1,-0.826,145.3,152.1,65.8,24.0,152.1,99.6,74.3,punto adelante de la componente
212,10.600,HIGH,toca_abajo,-52.8,-0.792,146.5,150.3,67.0,14.0,150.3,99.4,73.8,punto adelante de la componente
213,10.650,HIGH,toca_abajo,-52.6,-0.790,146.0,148.0,66.5,7.5,148.0,99.4,73.3,punto adelante de la componente
214,10.700,HIGH,toca_abajo,-54.0,-0.810,143.6,145.8,64.1,8.1,145.8,99.5,72.8,punto adelante de la componente
215,10.750,HIGH,toca_abajo,-54.8,-0.822,140.4,143.4,60.9,10.9,143.4,99.6,72.3,punto adelante de la componente
216,10.800,HIGH,toca_abajo,-55.7,-0.835,137.0,140.6,57.5,13.5,140.6,99.7,71.6,punto adelante de la componente
217,10.850,HIGH,toca_abajo,-56.2,-0.843,133.8,138.7,54.3,18.4,138.7,99.8,71.2,punto adelante de la componente
218,10.900,HIGH,toca_abajo,-56.5,-0.848,131.6,137.4,52.1,21.4,137.4,99.9,70.8,punto adelante de la componente
219,10.950,HIGH,toca_abajo,-54.9,-0.824,128.3,134.2,48.8,21.6,134.2,99.9,69.8,punto adelante de la componente
220,11.000,HIGH,toca_abajo,-54.4,-0.815,123.8,131.1,44.3,26.6,131.1,100.0,68.8,punto adelante de la componente
221,11.050,HIGH,toca_abajo,-51.2,-0.767,116.0,126.3,36.5,35.3,126.3,100.0,66.9,punto adelante de la componente
222,11.100,HIGH,toca_abajo,-45.0,-0.676,108.6,119.4,29.1,36.7,119.4,100.0,63.4,punto adelante de la componente
223,11.150,HIGH,toca_abajo,-38.7,-0.581,103.3,114.4,23.8,37.2,114.4,100.0,60.2,punto adelante de la componente
224,11.200,HIGH,toca_abajo,-31.7,-0.475,101.9,111.0,22.4,31.8,111.0,99.9,57.5,punto adelante de la componente
225,11.250,HIGH,toca_abajo,-23.2,-0.348,101.9,106.4,22.4,16.8,106.4,99.8,53.1,punto adelante de la componente
226,11.300,HIGH,toca_abajo,-15.6,-0.234,103.0,101.7,23.5,-4.9,101.7,99.8,47.7,punto adelante de la componente
227,11.350,HIGH,toca_abajo,-7.4,-0.111,103.3,96.9,23.8,-23.5,96.9,99.9,40.9,punto adelante de la componente
228,11.400,HIGH,toca_abajo,0.1,0.001,102.2,92.7,22.7,-33.4,92.7,100.0,33.4,punto adelante de la componente
229,11.450,HIGH,toca_abajo,4.9,0.073,100.9,89.9,21.4,-37.7,89.9,100.1,27.5,punto adelante de la componente
230,11.500,HIGH,toca_abajo,6.2,0.094,100.5,88.4,21.0,-40.3,88.4,100.1,24.1,punto adelante de la componente
231,11.550,HIGH,toca_abajo,5.9,0.088,100.8,88.2,21.3,-41.4,88.2,100.1,23.7,punto adelante de la componente
232,11.600,HIGH,toca_abajo,7.7,0.115,101.0,85.8,21.5,-46.9,85.8,100.2,17.7,punto adelante de la componente
233,11.650,HIGH,toca_abajo,12.0,0.180,101.2,80.9,21.7,-55.1,80.9,100.2,4.0,punto adelante de la componente
234,11.700,HIGH,toca_abajo,21.3,0.319,99.2,73.9,19.7,-60.5,73.9,100.2,-15.8,punto adelante de la componente
235,11.750,HIGH,toca_abajo,32.7,0.491,93.4,67.6,13.9,-60.8,67.6,100.2,-31.0,punto adelante de la componente
236,11.800,HIGH,toca_abajo,42.7,0.640,85.0,62.5,5.5,-57.2,62.5,100.2,-40.6,punto adelante de la componente
237,11.850,HIGH,toca_abajo,47.8,0.717,78.7,60.1,-0.8,-52.0,60.1,100.1,-44.4,punto adelante de la componente
238,11.900,HIGH,toca_abajo,51.9,0.778,73.0,56.9,-6.5,-47.8,56.9,100.1,-48.5,punto adelante de la componente
239,11.950,HIGH,toca_abajo,54.5,0.817,68.7,54.5,-10.8,-44.4,54.5,100.1,-51.5,punto adelante de la componente
240,12.000,HIGH,toca_abajo,55.5,0.832,66.7,53.3,-12.8,-42.6,53.3,100.1,-52.7,punto adelante de la componente
241,12.050,HIGH,toca_abajo,55.8,0.837,65.2,52.8,-14.3,-40.5,52.8,100.1,-53.3,punto adelante de la componente
242,12.100,HIGH,toca_abajo,56.8,0.852,63.2,51.4,-16.3,-39.2,51.4,100.1,-54.8,punto adelante de la componente
243,12.150,HIGH,toca_abajo,57.8,0.866,60.6,49.6,-18.9,-37.5,49.6,100.2,-56.5,punto adelante de la componente
244,12.200,HIGH,toca_abajo,59.0,0.884,59.2,48.4,-20.3,-36.9,48.4,100.1,-57.4,punto adelante de la componente
245,12.250,HIGH,toca_abajo,61.2,0.917,55.6,45.3,-23.9,-35.6,45.3,100.2,-59.9,punto adelante de la componente
246,12.300,HIGH,toca_abajo,61.6,0.923,53.7,44.3,-25.8,-33.0,44.3,100.3,-60.7,punto adelante de la componente
247,12.350,HIGH,toca_abajo,60.1,0.902,54.9,46.0,-24.6,-31.9,46.0,100.3,-59.5,punto adelante de la componente
248,12.400,HIGH,toca_abajo,57.4,0.861,57.6,49.2,-21.9,-30.5,49.2,100.3,-56.9,punto adelante de la componente
249,12.450,HIGH,toca_abajo,52.0,0.780,63.3,55.4,-16.2,-29.0,55.4,100.3,-50.7,punto adelante de la componente
250,12.500,HIGH,toca_abajo,46.5,0.698,68.3,60.5,-11.2,-28.7,60.5,100.3,-44.0,punto adelante de la componente
251,12.550,HIGH,toca_abajo,39.8,0.597,73.1,66.0,-6.4,-26.3,66.0,100.3,-34.4,punto adelante de la componente
252,12.600,HIGH,toca_abajo,31.9,0.478,78.6,71.8,-0.9,-25.5,71.8,100.3,-21.4,punto adelante de la componente
253,12.650,HIGH,toca_abajo,26.0,0.389,82.4,75.9,2.9,-24.6,75.9,100.3,-10.3,punto adelante de la componente
254,12.700,HIGH,toca_abajo,23.0,0.344,84.7,78.0,5.2,-25.1,78.0,100.3,-4.4,punto adelante de la componente
255,12.750,HIGH,toca_abajo,22.5,0.337,85.8,79.0,6.3,-25.6,79.0,100.3,-1.5,punto adelante de la componente
256,12.800,HIGH,toca_abajo,22.0,0.330,86.3,79.6,6.8,-25.0,79.6,100.3,0.3,punto adelante de la componente
257,12.850,HIGH,toca_abajo,22.5,0.338,86.8,80.7,7.3,-22.9,80.7,100.3,3.6,punto adelante de la componente
258,12.900,HIGH,toca_abajo,23.6,0.353,87.4,81.5,7.9,-22.4,81.5,100.3,5.9,punto adelante de la componente
259,12.950,HIGH,toca_abajo,24.0,0.360,88.3,82.9,8.8,-20.8,82.9,100.3,9.8,punto adelante de la componente
260,13.000,HIGH,toca_abajo,24.2,0.363,90.9,80.5,11.4,-34.9,80.5,99.7,2.9,punto adelante de la componente
261,13.050,HIGH,toca_abajo,25.8,0.388,93.2,69.5,13.7,-57.3,69.5,99.3,-25.8,punto adelante de la componente
262,13.100,HIGH,toca_abajo,28.4,0.426,95.6,61.9,16.1,-66.5,61.9,99.9,-41.2,punto adelante de la componente
263,13.150,HIGH,toca_abajo,32.1,0.481,96.0,61.2,16.5,-67.8,61.2,100.1,-42.7,punto adelante de la componente
264,13.200,HIGH,toca_abajo,35.9,0.538,84.2,62.9,4.7,-57.0,62.9,100.1,-39.9,punto adelante de la componente
265,13.250,HIGH,toca_abajo,41.1,0.617,75.1,64.1,-4.4,-37.7,64.1,100.1,-37.7,punto adelante de la componente
266,13.300,HIGH,toca_abajo,43.3,0.650,72.7,65.2,-6.8,-27.7,65.2,100.1,-35.8,punto adelante de la componente
267,13.350,MEDIUM,toca_abajo,44.0,0.659,72.5,66.2,-7.0,-23.8,66.2,100.1,-33.8,punto adelante de la componente
268,13.400,MEDIUM,toca_abajo,45.1,0.677,72.4,66.3,-7.1,-23.0,66.3,100.1,-33.6,punto adelante de la componente
269,13.450,MEDIUM,toca_abajo,44.7,0.671,73.4,67.7,-6.1,-21.6,67.7,100.1,-30.7,punto adelante de la componente
270,13.500,MEDIUM,toca_abajo,41.2,0.619,75.2,70.3,-4.3,-18.9,70.3,100.1,-24.9,punto adelante de la componente
271,13.550,MEDIUM,toca_abajo,41.8,0.628,75.9,70.3,-3.6,-21.7,70.3,100.4,-25.1,punto adelante de la componente
272,13.600,MEDIUM,toca_abajo,39.9,0.599,77.2,69.9,-2.3,-28.4,69.9,100.9,-26.7,punto adelante de la componente
273,13.650,MEDIUM,toca_abajo,39.3,0.590,78.4,66.7,-1.1,-41.8,66.7,101.4,-34.6,punto adelante de la componente
274,13.700,MEDIUM,toca_abajo,42.6,0.639,79.7,55.8,0.2,-62.4,55.8,102.0,-52.7,punto adelante de la componente
275,13.750,MEDIUM,toca_abajo,53.6,0.804,29.2,24.2,-50.3,-21.3,24.2,101.7,-71.7,punto adelante de la componente
276,13.800,MEDIUM,toca_abajo,70.7,1.000,30.4,19.0,-49.1,-42.2,19.0,102.0,-73.4,punto adelante de la componente
277,13.850,MEDIUM,toca_abajo,78.2,1.000,31.1,15.8,-48.4,-50.5,15.8,102.0,-74.2,punto adelante de la componente
278,13.900,MEDIUM,toca_abajo,79.1,1.000,32.3,16.6,-47.2,-50.6,16.6,101.7,-73.7,punto adelante de la componente
279,13.950,MEDIUM,toca_abajo,77.5,1.000,33.6,20.1,-45.9,-45.4,20.1,101.2,-72.5,punto adelante de la componente
280,14.000,HIGH,toca_abajo,72.7,1.000,34.8,27.0,-44.7,-30.0,27.0,101.0,-70.1,punto adelante de la componente
281,14.050,HIGH,toca_abajo,71.1,1.000,35.6,29.3,-43.9,-24.7,29.3,100.8,-69.1,punto adelante de la componente
282,14.100,HIGH,toca_abajo,68.8,1.000,36.7,32.7,-42.8,-16.2,32.7,100.7,-67.6,punto adelante de la componente
283,14.150,HIGH,toca_abajo,70.1,1.000,38.1,32.4,-41.4,-22.7,32.4,100.6,-67.7,punto adelante de la componente
284,14.200,HIGH,toca_abajo,70.6,1.000,40.2,32.5,-39.3,-29.3,32.5,100.6,-67.6,punto adelante de la componente
285,14.250,HIGH,toca_abajo,71.8,1.000,42.2,31.6,-37.3,-37.4,31.6,100.5,-67.9,punto adelante de la componente
286,14.300,HIGH,toca_abajo,72.4,1.000,43.6,30.4,-35.9,-43.2,30.4,100.4,-68.3,punto adelante de la componente
287,14.350,HIGH,toca_abajo,72.6,1.000,43.8,28.2,-35.7,-47.4,28.2,100.4,-69.1,punto adelante de la componente
288,14.400,HIGH,toca_abajo,72.4,1.000,43.1,26.7,-36.4,-48.4,26.7,100.3,-69.5,punto adelante de la componente
289,14.450,HIGH,toca_abajo,71.0,1.000,41.0,26.6,-38.5,-44.5,26.6,100.2,-69.5,punto adelante de la componente
290,14.500,HIGH,toca_abajo,67.9,1.000,40.6,28.2,-38.9,-40.2,28.2,100.1,-68.8,punto adelante de la componente
291,14.550,HIGH,toca_abajo,64.6,0.969,40.8,29.2,-38.7,-38.3,29.2,100.1,-68.4,punto adelante de la componente
292,14.600,HIGH,toca_abajo,63.8,0.957,36.2,26.8,-43.3,-32.7,26.8,100.0,-69.2,punto adelante de la componente
293,14.650,HIGH,toca_abajo,65.6,0.985,34.2,26.9,-45.3,-26.5,26.9,100.0,-69.2,punto adelante de la componente
294,14.700,HIGH,toca_abajo,64.6,0.969,33.0,25.5,-46.5,-27.1,25.5,100.0,-69.7,punto adelante de la componente
295,14.750,HIGH,toca_abajo,62.2,0.933,31.0,23.4,-48.5,-27.3,23.4,100.0,-70.4,punto adelante de la componente
296,14.800,HIGH,toca_abajo,58.4,0.876,29.0,21.7,-50.5,-26.3,21.7,99.9,-70.8,punto adelante de la componente
297,14.850,HIGH,toca_abajo,56.0,0.840,28.1,21.3,-51.4,-25.0,21.3,100.1,-71.1,punto adelante de la componente
298,14.900,HIGH,toca_abajo,52.8,0.792,26.6,19.8,-52.9,-24.8,19.8,99.8,-71.3,punto adelante de la componente
299,14.950,HIGH,toca_abajo,51.1,0.766,25.7,19.7,-53.8,-22.3,19.7,100.0,-71.5,punto adelante de la componente
300,15.000,HIGH,toca_abajo,47.9,0.719,24.8,21.0,-54.7,-14.9,21.0,100.1,-71.3,punto adelante de la componente
301,15.050,HIGH,toca_abajo,41.9,0.628,23.3,27.7,-56.2,16.3,27.7,99.6,-68.5,punto adelante de la componente
302,15.100,HIGH,toca_abajo,36.4,0.546,23.0,38.3,-56.5,46.0,38.3,99.7,-63.7,punto adelante de la componente
303,15.150,HIGH,toca_abajo,32.6,0.489,27.0,44.2,-52.5,50.2,44.2,99.8,-60.2,punto adelante de la componente
304,15.200,HIGH,toca_abajo,23.7,0.355,36.1,52.7,-43.4,49.1,52.7,99.9,-53.0,punto adelante de la componente
305,15.250,HIGH,toca_abajo,5.0,0.075,46.6,68.2,-32.9,56.7,68.2,100.2,-29.8,punto adelante de la componente
306,15.300,HIGH,toca_abajo,-0.3,-0.004,49.6,72.8,-29.9,58.4,72.8,100.1,-18.7,punto adelante de la componente
307,15.350,HIGH,toca_abajo,-20.7,-0.310,56.4,84.0,-23.1,62.5,84.0,100.1,12.9,punto adelante de la componente
308,15.400,HIGH,toca_abajo,-36.5,-0.548,64.2,92.9,-15.3,63.2,92.9,100.2,34.0,punto adelante de la componente
309,15.450,HIGH,toca_abajo,-47.7,-0.716,76.2,100.1,-3.3,59.1,100.1,100.2,46.1,punto adelante de la componente
310,15.500,HIGH,toca_abajo,-54.7,-0.820,87.6,106.0,8.1,52.1,106.0,100.1,53.2,punto adelante de la componente
311,15.550,HIGH,toca_abajo,-57.9,-0.868,94.5,109.5,15.0,46.1,109.5,100.1,56.4,punto adelante de la componente
312,15.600,HIGH,toca_abajo,-59.2,-0.888,98.9,110.6,19.4,38.8,110.6,100.0,57.3,punto adelante de la componente
313,15.650,HIGH,toca_abajo,-60.7,-0.910,103.6,111.4,24.1,27.8,111.4,100.0,57.9,punto adelante de la componente
314,15.700,HIGH,toca_abajo,-63.7,-0.956,109.6,115.8,30.1,22.8,115.8,99.8,60.9,punto adelante de la componente
315,15.750,HIGH,toca_abajo,-66.0,-0.991,114.4,120.9,34.9,23.8,120.9,99.8,64.0,punto adelante de la componente
316,15.800,HIGH,toca_abajo,-67.9,-1.000,118.6,126.2,39.1,27.8,126.2,100.3,67.1,punto adelante de la componente
317,15.850,HIGH,toca_abajo,-69.4,-1.000,120.2,127.5,40.7,26.1,127.5,99.7,67.0,punto adelante de la componente
318,15.900,HIGH,toca_abajo,-69.8,-1.000,125.5,126.6,46.0,4.1,126.6,99.7,66.7,punto adelante de la componente
319,15.950,HIGH,toca_abajo,-70.7,-1.000,125.8,124.6,46.3,-5.1,124.6,99.9,66.0,punto adelante de la componente
320,16.000,HIGH,toca_abajo,-70.4,-1.000,122.9,123.3,43.4,1.7,123.3,100.0,65.4,punto adelante de la componente
321,16.050,HIGH,toca_abajo,-70.7,-1.000,119.8,122.2,40.3,9.9,122.2,100.0,65.0,punto adelante de la componente
322,16.100,HIGH,toca_abajo,-70.6,-1.000,117.5,120.7,38.0,12.4,120.7,100.0,64.2,punto adelante de la componente
323,16.150,HIGH,toca_abajo,-70.4,-1.000,116.9,119.1,37.4,8.7,119.1,100.1,63.4,punto adelante de la componente
324,16.200,HIGH,toca_abajo,-69.8,-1.000,116.3,117.5,36.8,4.5,117.5,100.1,62.4,punto adelante de la componente
325,16.250,HIGH,toca_abajo,-68.3,-1.000,113.7,115.5,34.2,7.1,115.5,100.1,61.1,punto adelante de la componente
326,16.300,HIGH,toca_abajo,-66.0,-0.989,109.5,113.1,30.0,14.1,113.1,100.1,59.4,punto adelante de la componente
327,16.350,HIGH,toca_abajo,-62.1,-0.932,102.5,110.3,23.0,29.2,110.3,100.1,57.2,punto adelante de la componente
328,16.400,HIGH,toca_abajo,-56.6,-0.850,93.5,106.3,14.0,42.5,106.3,100.1,53.5,punto adelante de la componente
329,16.450,HIGH,toca_abajo,-51.8,-0.777,87.7,102.2,8.2,46.0,102.2,100.2,48.8,punto adelante de la componente
330,16.500,HIGH,toca_abajo,-51.7,-0.776,89.7,99.6,10.2,35.5,99.6,100.2,45.4,punto adelante de la componente
331,16.550,HIGH,toca_abajo,-53.3,-0.799,91.8,98.6,12.3,26.0,98.6,100.1,43.9,punto adelante de la componente
332,16.600,HIGH,toca_abajo,-56.9,-0.854,96.0,97.6,16.5,6.7,97.6,100.1,42.4,punto adelante de la componente
333,16.650,HIGH,toca_abajo,-60.3,-0.904,97.1,96.3,17.6,-3.1,96.3,100.1,40.3,punto adelante de la componente
334,16.700,HIGH,toca_abajo,-61.2,-0.918,95.6,96.3,16.1,2.9,96.3,100.4,40.6,punto adelante de la componente
335,16.750,HIGH,toca_abajo,-60.9,-0.913,92.2,100.3,12.7,30.6,100.3,100.8,47.3,punto adelante de la componente
336,16.800,HIGH,toca_abajo,-59.4,-0.891,88.0,104.9,8.5,51.6,104.9,100.9,53.1,punto adelante de la componente
337,16.850,HIGH,toca_abajo,-58.7,-0.880,83.4,115.3,3.9,66.7,115.3,100.6,61.6,punto adelante de la componente
338,16.900,HIGH,toca_abajo,-59.3,-0.890,80.1,118.3,0.6,70.1,118.3,100.5,63.3,punto adelante de la componente
339,16.950,HIGH,toca_abajo,-64.8,-0.972,100.8,125.6,21.3,60.6,125.6,100.5,67.1,punto adelante de la componente
340,17.000,HIGH,toca_abajo,-67.9,-1.000,109.2,132.5,29.7,58.3,132.5,100.5,69.8,punto adelante de la componente
341,17.050,HIGH,toca_abajo,-67.5,-1.000,120.7,138.0,41.2,50.4,138.0,100.5,71.6,punto adelante de la componente
342,17.100,HIGH,toca_abajo,-65.2,-0.979,128.4,141.6,48.9,42.4,141.6,100.4,72.5,punto adelante de la componente
343,17.150,HIGH,toca_abajo,-63.6,-0.955,132.5,142.4,53.0,34.1,142.4,100.2,72.5,punto adelante de la componente
344,17.200,HIGH,toca_abajo,-59.8,-0.897,136.1,138.3,56.6,8.3,138.3,99.7,70.9,punto adelante de la componente
345,17.250,HIGH,toca_abajo,-57.8,-0.867,137.8,135.0,58.3,-10.7,135.0,99.7,69.9,punto adelante de la componente
346,17.300,HIGH,toca_abajo,-54.9,-0.823,139.0,129.9,59.5,-31.9,129.9,99.8,68.1,punto adelante de la componente
347,17.350,HIGH,toca_abajo,-52.7,-0.791,135.8,125.4,56.3,-35.7,125.4,99.8,66.3,punto adelante de la componente
348,17.400,HIGH,toca_abajo,-50.5,-0.757,131.9,121.2,52.4,-36.7,121.2,99.9,64.3,punto adelante de la componente
349,17.450,HIGH,toca_abajo,-48.1,-0.721,128.3,117.1,48.8,-38.1,117.1,100.0,62.0,punto adelante de la componente
350,17.500,HIGH,toca_abajo,-45.8,-0.687,125.6,113.7,46.1,-39.8,113.7,100.1,59.8,punto adelante de la componente
351,17.550,HIGH,toca_abajo,-42.3,-0.635,122.2,108.5,42.7,-44.0,108.5,100.1,55.6,punto adelante de la componente
352,17.600,HIGH,toca_abajo,-38.5,-0.578,119.5,103.7,40.0,-47.8,103.7,100.1,50.6,punto adelante de la componente
353,17.650,HIGH,toca_abajo,-33.2,-0.498,116.5,98.7,37.0,-51.3,98.7,100.1,44.0,punto adelante de la componente
354,17.700,HIGH,toca_abajo,-26.6,-0.399,113.1,93.9,33.6,-53.3,93.9,100.1,36.0,punto adelante de la componente
355,17.750,HIGH,toca_abajo,-17.7,-0.265,108.8,89.1,29.3,-53.8,89.1,100.1,25.8,punto adelante de la componente
356,17.800,HIGH,toca_abajo,-11.4,-0.171,106.2,86.1,26.7,-54.3,86.1,100.1,18.4,punto adelante de la componente
357,17.850,HIGH,toca_abajo,-2.0,-0.030,101.6,82.3,22.1,-53.2,82.3,100.1,7.9,punto adelante de la componente
358,17.900,HIGH,toca_abajo,9.1,0.136,96.1,78.2,16.6,-51.1,78.2,100.1,-3.9,punto adelante de la componente
359,17.950,HIGH,toca_abajo,15.0,0.225,91.7,76.8,12.2,-46.0,76.8,100.1,-7.8,punto adelante de la componente
360,18.000,HIGH,toca_abajo,20.0,0.301,87.4,75.6,7.9,-39.1,75.6,100.1,-11.2,punto adelante de la componente
361,18.050,HIGH,toca_abajo,24.4,0.366,84.0,73.2,4.5,-36.6,73.2,100.1,-17.5,punto adelante de la componente
362,18.100,HIGH,toca_abajo,27.3,0.410,81.1,71.3,1.6,-34.2,71.3,100.2,-22.4,punto adelante de la componente
363,18.150,HIGH,toca_abajo,28.8,0.433,79.2,69.7,-0.3,-33.3,69.7,100.1,-26.3,punto adelante de la componente
364,18.200,MEDIUM,toca_abajo,28.9,0.434,78.3,68.9,-1.2,-33.1,68.9,100.2,-28.2,punto adelante de la componente
365,18.250,MEDIUM,toca_abajo,28.1,0.421,77.5,72.2,-2.0,-20.9,72.2,100.7,-20.8,punto adelante de la componente
366,18.300,MEDIUM,toca_abajo,26.8,0.402,77.4,77.6,-2.1,0.9,77.6,101.8,-5.8,punto adelante de la componente
367,18.350,MEDIUM,toca_abajo,24.2,0.363,77.7,92.0,-1.8,51.2,92.0,103.1,36.5,punto adelante de la componente
368,18.400,MEDIUM,toca_abajo,23.3,0.349,77.4,98.4,-2.1,62.8,98.4,103.8,49.5,punto adelante de la componente
369,18.450,LOW,toca_abajo,23.8,0.357,86.7,,7.2,,98.4,103.8,49.5,ultimo objetivo confiable (memoria)
370,18.500,SIN_CERCA,continuidad,31.2,0.600,52.7,67.4,-26.8,51.8,67.4,100.3,-31.5,componente visible arriba
371,18.550,HIGH,toca_abajo,28.5,0.428,72.8,67.8,-6.7,-19.8,67.8,100.3,-30.8,punto adelante de la componente
372,18.600,HIGH,toca_abajo,27.0,0.405,74.3,67.9,-5.2,-24.3,67.9,100.3,-30.5,punto adelante de la componente
373,18.650,HIGH,toca_abajo,24.9,0.373,74.1,68.9,-5.4,-20.3,68.9,100.2,-28.2,punto adelante de la componente
374,18.700,HIGH,toca_abajo,20.1,0.302,76.7,70.9,-2.8,-22.3,70.9,100.2,-23.5,punto adelante de la componente
375,18.750,HIGH,toca_abajo,20.0,0.300,77.0,70.9,-2.5,-23.2,70.9,100.3,-23.5,punto adelante de la componente
376,18.800,HIGH,toca_abajo,20.1,0.302,76.9,70.9,-2.6,-23.0,70.9,100.2,-23.6,punto adelante de la componente
377,18.850,HIGH,toca_abajo,20.5,0.307,76.6,70.7,-2.9,-22.4,70.7,100.2,-23.9,punto adelante de la componente
378,18.900,HIGH,toca_abajo,20.7,0.311,76.4,70.6,-3.1,-22.2,70.6,100.2,-24.2,punto adelante de la componente
379,18.950,HIGH,toca_abajo,20.4,0.306,76.6,70.8,-2.9,-22.2,70.8,100.2,-23.8,punto adelante de la componente
380,19.000,HIGH,toca_abajo,19.4,0.291,77.1,71.2,-2.4,-22.6,71.2,100.2,-22.8,punto adelante de la componente
381,19.050,HIGH,toca_abajo,18.8,0.282,77.4,71.5,-2.1,-22.8,71.5,100.3,-22.1,punto adelante de la componente
382,19.100,HIGH,toca_abajo,19.3,0.290,77.3,71.1,-2.2,-23.7,71.1,100.3,-23.0,punto adelante de la componente
383,19.150,HIGH,toca_abajo,18.9,0.283,77.4,71.4,-2.1,-23.1,71.4,100.3,-22.3,punto adelante de la componente
384,19.200,HIGH,toca_abajo,19.0,0.285,77.3,71.4,-2.2,-22.8,71.4,100.2,-22.4,punto adelante de la componente
385,19.250,HIGH,toca_abajo,18.5,0.278,77.6,71.5,-1.9,-23.4,71.5,100.3,-22.1,punto adelante de la componente
386,19.300,HIGH,toca_abajo,18.3,0.274,77.8,71.6,-1.7,-23.7,71.6,100.3,-21.9,punto adelante de la componente
387,19.350,HIGH,toca_abajo,16.8,0.252,78.3,72.2,-1.2,-23.2,72.2,100.3,-20.3,punto adelante de la componente
388,19.400,HIGH,toca_abajo,14.4,0.216,79.1,73.0,-0.4,-23.2,73.0,100.3,-18.2,punto adelante de la componente
389,19.450,HIGH,toca_abajo,10.5,0.157,80.1,74.8,0.6,-20.4,74.8,100.2,-13.4,punto adelante de la componente
390,19.500,HIGH,toca_abajo,6.5,0.097,82.1,76.5,2.6,-21.4,76.5,100.3,-8.6,punto adelante de la componente
391,19.550,HIGH,toca_abajo,4.7,0.071,82.2,77.2,2.7,-19.4,77.2,100.2,-6.6,punto adelante de la componente
392,19.600,HIGH,toca_abajo,1.7,0.025,83.3,78.5,3.8,-18.6,78.5,100.3,-2.8,punto adelante de la componente
393,19.650,HIGH,toca_abajo,1.4,0.022,84.0,78.3,4.5,-21.9,78.3,100.3,-3.5,punto adelante de la componente
394,19.700,HIGH,toca_abajo,2.8,0.042,83.1,77.8,3.6,-20.6,77.8,100.3,-5.0,punto adelante de la componente
395,19.750,HIGH,toca_abajo,2.9,0.043,83.9,77.7,4.4,-23.4,77.7,100.3,-5.1,punto adelante de la componente
396,19.800,HIGH,toca_abajo,4.8,0.073,83.1,76.8,3.6,-24.2,76.8,100.3,-7.8,punto adelante de la componente
397,19.850,HIGH,toca_abajo,4.9,0.074,83.3,76.6,3.8,-25.4,76.6,100.3,-8.3,punto adelante de la componente
398,19.900,HIGH,toca_abajo,6.5,0.097,83.2,75.8,3.7,-27.4,75.8,100.3,-10.5,punto adelante de la componente
399,19.950,HIGH,toca_abajo,9.4,0.141,82.3,74.4,2.8,-29.2,74.4,100.3,-14.6,punto adelante de la componente
400,20.000,HIGH,toca_abajo,12.9,0.194,80.7,72.7,1.2,-29.7,72.7,100.3,-19.1,punto adelante de la componente
401,20.050,HIGH,toca_abajo,14.1,0.211,79.8,72.1,0.3,-28.5,72.1,100.3,-20.5,punto adelante de la componente
402,20.100,HIGH,toca_abajo,15.4,0.231,78.8,71.7,-0.7,-27.0,71.7,100.3,-21.6,punto adelante de la componente
403,20.150,HIGH,toca_abajo,17.0,0.255,78.0,70.8,-1.5,-27.1,70.8,100.3,-23.7,punto adelante de la componente
404,20.200,HIGH,toca_abajo,19.0,0.285,76.5,70.0,-3.0,-24.9,70.0,100.3,-25.7,punto adelante de la componente
405,20.250,HIGH,toca_abajo,20.8,0.312,75.9,68.9,-3.6,-26.6,68.9,100.3,-28.2,punto adelante de la componente
406,20.300,HIGH,toca_abajo,21.1,0.317,75.6,68.9,-3.9,-25.6,68.9,100.3,-28.3,punto adelante de la componente
407,20.350,HIGH,toca_abajo,21.4,0.320,74.5,68.9,-5.0,-21.7,68.9,100.3,-28.3,punto adelante de la componente
408,20.400,HIGH,toca_abajo,21.6,0.324,74.9,68.7,-4.6,-23.6,68.7,100.3,-28.7,punto adelante de la componente
409,20.450,HIGH,toca_abajo,23.1,0.346,74.3,67.8,-5.2,-24.9,67.8,100.3,-30.7,punto adelante de la componente
410,20.500,HIGH,toca_abajo,24.7,0.370,72.8,67.0,-6.7,-22.3,67.0,100.3,-32.3,punto adelante de la componente
411,20.550,HIGH,toca_abajo,25.7,0.385,71.4,66.7,-8.1,-18.4,66.7,100.3,-32.9,punto adelante de la componente
412,20.600,HIGH,toca_abajo,24.9,0.374,71.7,66.8,-7.8,-19.1,66.8,100.2,-32.6,punto adelante de la componente
413,20.650,HIGH,toca_abajo,23.9,0.358,72.4,67.1,-7.1,-20.6,67.1,100.3,-32.1,punto adelante de la componente
414,20.700,HIGH,toca_abajo,24.6,0.369,71.7,66.8,-7.8,-19.4,66.8,100.3,-32.7,punto adelante de la componente
415,20.750,HIGH,toca_abajo,26.3,0.395,70.8,65.9,-8.7,-18.9,65.9,100.3,-34.5,punto adelante de la componente
416,20.800,HIGH,toca_abajo,27.7,0.415,69.5,65.2,-10.0,-17.3,65.2,100.3,-36.0,punto adelante de la componente
417,20.850,HIGH,toca_abajo,28.5,0.427,69.0,64.6,-10.5,-17.4,64.6,100.3,-37.1,punto adelante de la componente
418,20.900,HIGH,toca_abajo,29.2,0.438,68.3,64.0,-11.2,-17.2,64.0,100.2,-38.2,punto adelante de la componente
419,20.950,HIGH,toca_abajo,30.3,0.455,67.4,63.5,-12.1,-15.5,63.5,100.2,-39.0,punto adelante de la componente
420,21.000,HIGH,toca_abajo,30.6,0.460,67.6,63.3,-11.9,-17.1,63.3,100.2,-39.4,punto adelante de la componente
421,21.050,HIGH,toca_abajo,32.4,0.485,66.5,62.5,-13.0,-16.2,62.5,100.2,-40.7,punto adelante de la componente
422,21.100,HIGH,toca_abajo,33.6,0.504,65.4,61.5,-14.1,-15.4,61.5,100.2,-42.3,punto adelante de la componente
423,21.150,HIGH,toca_abajo,30.3,0.455,65.1,61.9,-14.4,-13.0,61.9,100.2,-41.7,punto adelante de la componente
424,21.200,HIGH,toca_abajo,25.9,0.389,65.1,61.3,-14.4,-15.1,61.3,100.2,-42.6,punto adelante de la componente
425,21.250,HIGH,toca_abajo,22.7,0.340,64.7,61.1,-14.8,-14.4,61.1,100.2,-43.0,punto adelante de la componente
426,21.300,HIGH,toca_abajo,19.5,0.293,64.4,60.3,-15.1,-16.1,60.3,100.2,-44.1,punto adelante de la componente
427,21.350,HIGH,toca_abajo,17.4,0.262,63.4,59.3,-16.1,-16.4,59.3,100.2,-45.6,punto adelante de la componente
428,21.400,HIGH,toca_abajo,15.3,0.229,63.9,59.9,-15.6,-16.2,59.9,100.2,-44.7,punto adelante de la componente
429,21.450,HIGH,toca_abajo,14.0,0.210,64.2,60.2,-15.3,-15.9,60.2,100.2,-44.3,punto adelante de la componente
430,21.500,HIGH,toca_abajo,12.2,0.183,63.9,59.1,-15.6,-17.3,59.1,99.0,-44.2,punto adelante de la componente
431,21.550,HIGH,toca_abajo,13.1,0.197,65.7,59.5,-13.8,-22.0,59.5,99.1,-43.7,punto adelante de la componente
432,21.600,HIGH,toca_abajo,9.2,0.137,65.3,72.0,-14.2,25.0,72.0,99.8,-20.3,punto adelante de la componente
433,21.650,HIGH,toca_abajo,7.6,0.114,63.7,78.1,-15.8,46.2,78.1,99.9,-4.1,punto adelante de la componente
434,21.700,HIGH,toca_abajo,5.0,0.074,69.4,79.5,-10.1,35.3,79.5,100.0,-0.0,punto adelante de la componente
435,21.750,HIGH,toca_abajo,-1.8,-0.027,78.7,79.5,-0.8,3.3,79.5,100.0,-0.0,punto adelante de la componente
436,21.800,HIGH,toca_abajo,-1.5,-0.023,80.5,85.0,1.0,18.5,85.0,100.7,16.0,punto adelante de la componente
437,21.850,HIGH,toca_abajo,1.8,0.026,80.9,89.4,1.4,31.9,89.4,100.6,27.1,punto adelante de la componente
438,21.900,HIGH,toca_abajo,8.4,0.126,83.8,72.9,4.3,-37.1,72.9,100.5,-18.6,punto adelante de la componente
439,21.950,HIGH,toca_abajo,17.1,0.257,64.3,59.2,-15.2,-19.8,59.2,100.1,-45.6,punto adelante de la componente
440,22.000,HIGH,toca_abajo,29.2,0.438,64.0,59.3,-15.5,-18.5,59.3,100.1,-45.5,punto adelante de la componente
441,22.050,HIGH,toca_abajo,34.5,0.517,64.3,59.5,-15.2,-18.6,59.5,100.1,-45.0,punto adelante de la componente
442,22.100,HIGH,toca_abajo,34.7,0.521,64.3,60.0,-15.2,-17.0,60.0,100.1,-44.5,punto adelante de la componente
443,22.150,HIGH,toca_abajo,36.0,0.540,63.2,58.8,-16.3,-17.3,58.8,100.1,-46.2,punto adelante de la componente
444,22.200,HIGH,toca_abajo,36.3,0.545,62.9,59.0,-16.6,-15.2,59.0,100.0,-45.7,punto adelante de la componente
445,22.250,HIGH,toca_abajo,35.9,0.538,63.3,59.3,-16.2,-15.8,59.3,100.1,-45.4,punto adelante de la componente
446,22.300,HIGH,toca_abajo,36.2,0.542,63.0,59.1,-16.5,-15.1,59.1,100.0,-45.6,punto adelante de la componente
447,22.350,HIGH,toca_abajo,36.3,0.544,63.2,58.8,-16.3,-17.0,58.8,100.1,-46.1,punto adelante de la componente
448,22.400,HIGH,toca_abajo,36.9,0.553,62.4,58.8,-17.1,-14.2,58.8,100.1,-46.0,punto adelante de la componente
449,22.450,HIGH,toca_abajo,38.0,0.570,61.7,58.3,-17.8,-13.5,58.3,100.1,-46.8,punto adelante de la componente
450,22.500,HIGH,toca_abajo,38.5,0.578,61.1,58.1,-18.4,-12.0,58.1,100.0,-47.0,punto adelante de la componente
451,22.550,HIGH,toca_abajo,38.4,0.575,61.3,58.0,-18.2,-12.7,58.0,100.0,-47.0,punto adelante de la componente
452,22.600,HIGH,toca_abajo,39.3,0.590,60.6,57.6,-18.9,-11.6,57.6,100.1,-47.7,punto adelante de la componente
453,22.650,HIGH,toca_abajo,40.6,0.608,59.8,56.5,-19.7,-13.1,56.5,100.0,-49.1,punto adelante de la componente
454,22.700,HIGH,toca_abajo,41.5,0.623,58.9,56.1,-20.6,-11.0,56.1,100.0,-49.4,punto adelante de la componente
455,22.750,HIGH,toca_abajo,42.6,0.639,58.2,55.2,-21.3,-11.7,55.2,100.0,-50.5,punto adelante de la componente
456,22.800,HIGH,toca_abajo,44.0,0.660,57.1,54.0,-22.4,-12.3,54.0,100.0,-51.9,punto adelante de la componente
457,22.850,HIGH,toca_abajo,45.2,0.678,56.0,52.7,-23.5,-12.9,52.7,100.0,-53.2,punto adelante de la componente
458,22.900,HIGH,toca_abajo,46.1,0.692,55.1,52.1,-24.4,-11.7,52.1,100.0,-53.8,punto adelante de la componente
459,22.950,HIGH,toca_abajo,47.2,0.707,54.2,50.8,-25.3,-13.1,50.8,100.0,-55.1,punto adelante de la componente
460,23.000,HIGH,toca_abajo,47.3,0.709,53.9,51.1,-25.6,-10.9,51.1,100.0,-54.9,punto adelante de la componente
461,23.050,HIGH,toca_abajo,47.3,0.710,53.6,51.3,-25.9,-9.1,51.3,100.0,-54.7,punto adelante de la componente
462,23.100,HIGH,toca_abajo,47.7,0.716,53.3,51.1,-26.2,-8.4,51.1,100.0,-54.8,punto adelante de la componente
463,23.150,HIGH,toca_abajo,48.1,0.721,52.8,50.5,-26.7,-9.2,50.5,100.0,-55.4,punto adelante de la componente
464,23.200,HIGH,toca_abajo,48.0,0.720,52.7,51.0,-26.8,-6.7,51.0,100.0,-54.9,punto adelante de la componente
465,23.250,HIGH,toca_abajo,48.0,0.720,52.7,51.1,-26.8,-6.3,51.1,100.0,-54.8,punto adelante de la componente
466,23.300,HIGH,toca_abajo,48.0,0.720,52.7,51.5,-26.8,-4.9,51.5,99.9,-54.4,punto adelante de la componente
467,23.350,HIGH,toca_abajo,48.4,0.726,52.3,51.0,-27.2,-4.9,51.0,100.0,-54.9,punto adelante de la componente
468,23.400,HIGH,toca_abajo,48.7,0.731,51.8,50.1,-27.7,-6.6,50.1,100.0,-55.7,punto adelante de la componente
469,23.450,HIGH,toca_abajo,48.2,0.723,52.1,51.1,-27.4,-3.9,51.1,100.0,-54.8,punto adelante de la componente
470,23.500,HIGH,toca_abajo,47.6,0.714,52.9,51.6,-26.6,-5.4,51.6,100.0,-54.4,punto adelante de la componente
471,23.550,HIGH,toca_abajo,47.8,0.717,52.7,51.1,-26.8,-6.4,51.1,100.0,-54.8,punto adelante de la componente
472,23.600,HIGH,toca_abajo,47.5,0.713,53.0,51.5,-26.5,-5.9,51.5,100.0,-54.5,punto adelante de la componente
473,23.650,HIGH,toca_abajo,47.6,0.713,52.9,51.7,-26.6,-5.0,51.7,99.9,-54.2,punto adelante de la componente
474,23.700,HIGH,toca_abajo,46.9,0.704,53.4,52.2,-26.1,-4.6,52.2,100.0,-53.7,punto adelante de la componente
475,23.750,HIGH,toca_abajo,46.3,0.694,54.0,52.7,-25.5,-5.3,52.7,100.0,-53.3,punto adelante de la componente
476,23.800,HIGH,toca_abajo,46.0,0.690,54.3,53.0,-25.2,-5.2,53.0,100.0,-52.9,punto adelante de la componente
477,23.850,HIGH,toca_abajo,45.6,0.684,54.4,54.0,-25.1,-1.5,54.0,99.9,-51.8,punto adelante de la componente
478,23.900,HIGH,toca_abajo,45.4,0.681,54.6,53.2,-24.9,-5.5,53.2,100.0,-52.7,punto adelante de la componente
479,23.950,HIGH,toca_abajo,45.2,0.678,55.1,53.8,-24.4,-5.0,53.8,99.9,-52.0,punto adelante de la componente
480,24.000,HIGH,toca_abajo,44.7,0.671,55.5,55.3,-24.0,-1.1,55.3,99.9,-50.4,punto adelante de la componente
481,24.050,HIGH,toca_abajo,44.6,0.669,55.9,54.6,-23.6,-5.2,54.6,100.0,-51.3,punto adelante de la componente
482,24.100,HIGH,toca_abajo,44.6,0.669,56.0,55.0,-23.5,-4.0,55.0,99.9,-50.6,punto adelante de la componente
483,24.150,HIGH,toca_abajo,44.4,0.666,56.3,54.8,-23.2,-5.8,54.8,99.9,-50.9,punto adelante de la componente
484,24.200,HIGH,toca_abajo,44.3,0.664,56.5,54.8,-23.0,-6.8,54.8,99.9,-51.0,punto adelante de la componente
485,24.250,HIGH,toca_abajo,43.7,0.655,57.0,55.4,-22.5,-6.3,55.4,99.9,-50.2,punto adelante de la componente
486,24.300,HIGH,toca_abajo,43.1,0.646,57.7,56.3,-21.8,-5.4,56.3,100.0,-49.1,punto adelante de la componente
487,24.350,HIGH,toca_abajo,42.7,0.640,58.2,56.9,-21.3,-4.7,56.9,99.9,-48.3,punto adelante de la componente
488,24.400,MEDIUM,toca_abajo,42.3,0.634,58.4,57.1,-21.1,-5.3,57.1,99.9,-48.1,punto adelante de la componente
489,24.450,MEDIUM,toca_abajo,41.6,0.624,59.0,57.2,-20.5,-7.2,57.2,99.9,-48.0,punto adelante de la componente
490,24.500,MEDIUM,toca_abajo,40.8,0.612,58.9,60.5,-20.6,7.6,60.5,102.5,-47.4,punto adelante de la componente
491,24.550,LOW,toca_abajo,38.9,0.583,59.2,,-20.3,,60.5,102.5,-47.4,ultimo objetivo confiable (memoria)
492,24.600,LOW,toca_abajo,37.8,0.567,66.2,,-13.3,,60.5,102.5,-47.4,ultimo objetivo confiable (memoria)
493,24.650,SIN_CERCA,continuidad,41.2,0.600,57.8,54.4,-21.7,-14.6,54.4,99.9,-51.4,componente visible arriba
494,24.700,HIGH,toca_abajo,44.1,0.662,54.9,54.0,-24.6,-3.5,54.0,99.9,-51.7,punto adelante de la componente
495,24.750,HIGH,toca_abajo,43.0,0.646,55.8,55.0,-23.7,-3.1,55.0,99.9,-50.6,punto adelante de la componente
496,24.800,HIGH,toca_abajo,43.0,0.645,56.0,55.2,-23.5,-3.3,55.2,99.9,-50.4,punto adelante de la componente
497,24.850,HIGH,toca_abajo,43.6,0.655,55.3,54.6,-24.2,-2.7,54.6,99.9,-51.1,punto adelante de la componente
498,24.900,HIGH,toca_abajo,43.7,0.655,55.3,54.9,-24.2,-1.9,54.9,99.9,-50.8,punto adelante de la componente
499,24.950,HIGH,toca_abajo,43.7,0.655,55.5,55.0,-24.0,-2.0,55.0,99.9,-50.7,punto adelante de la componente
500,25.000,HIGH,toca_abajo,44.0,0.660,55.7,54.7,-23.8,-3.9,54.7,99.9,-50.9,punto adelante de la componente
501,25.050,HIGH,toca_abajo,44.4,0.666,55.7,54.9,-23.8,-3.0,54.9,99.9,-50.7,punto adelante de la componente
502,25.100,HIGH,toca_abajo,45.2,0.679,55.8,56.0,-23.7,0.6,56.0,99.9,-49.5,punto adelante de la componente
503,25.150,HIGH,toca_abajo,46.1,0.692,55.8,54.9,-23.7,-3.8,54.9,99.9,-50.8,punto adelante de la componente
504,25.200,HIGH,toca_abajo,46.0,0.689,54.9,54.7,-24.6,-0.9,54.7,100.0,-51.0,punto adelante de la componente
505,25.250,HIGH,toca_abajo,45.6,0.684,54.8,48.3,-24.7,-23.1,48.3,99.4,-56.6,punto adelante de la componente
506,25.300,HIGH,toca_abajo,44.5,0.667,54.9,50.0,-24.6,-18.1,50.0,99.6,-55.3,punto adelante de la componente
507,25.350,HIGH,toca_abajo,42.6,0.639,54.4,42.0,-25.1,-39.7,42.0,99.7,-61.6,punto adelante de la componente
508,25.400,HIGH,toca_abajo,41.8,0.627,54.2,40.2,-25.3,-43.5,40.2,99.9,-62.9,punto adelante de la componente
509,25.450,HIGH,toca_abajo,38.8,0.582,51.8,40.4,-27.7,-38.2,40.4,100.0,-62.9,punto adelante de la componente
510,25.500,HIGH,toca_abajo,39.2,0.588,45.7,39.5,-33.8,-23.3,39.5,100.0,-63.4,punto adelante de la componente
511,25.550,HIGH,toca_abajo,39.2,0.587,41.6,39.2,-37.9,-9.5,39.2,100.0,-63.7,punto adelante de la componente
512,25.600,HIGH,toca_abajo,38.2,0.573,40.3,38.0,-39.2,-9.2,38.0,100.0,-64.3,punto adelante de la componente
513,25.650,HIGH,toca_abajo,36.2,0.542,38.3,37.1,-41.2,-4.7,37.1,100.0,-64.7,punto adelante de la componente
514,25.700,HIGH,toca_abajo,33.6,0.504,38.0,38.9,-41.5,3.6,38.9,99.8,-63.5,punto adelante de la componente
515,25.750,HIGH,toca_abajo,30.0,0.450,37.2,52.8,-42.3,45.7,52.8,99.3,-52.3,punto adelante de la componente
516,25.800,HIGH,toca_abajo,20.7,0.310,38.5,69.7,-41.0,65.1,69.7,99.7,-25.8,punto adelante de la componente
517,25.850,HIGH,toca_abajo,4.3,0.065,61.1,78.5,-18.4,50.5,78.5,99.9,-2.7,punto adelante de la componente
518,25.900,HIGH,toca_abajo,-18.0,-0.270,74.5,79.5,-5.0,19.0,79.5,99.9,-0.0,punto adelante de la componente
519,25.950,HIGH,toca_abajo,-36.0,-0.541,78.0,86.0,-1.5,30.1,86.0,100.6,18.7,punto adelante de la componente
520,26.000,MEDIUM,toca_abajo,-54.6,-0.819,79.5,111.9,0.0,68.0,111.9,101.4,60.2,punto adelante de la componente
521,26.050,MEDIUM,toca_abajo,-71.3,-1.000,81.2,143.0,1.7,77.6,143.0,101.2,73.5,punto adelante de la componente
522,26.100,MEDIUM,toca_abajo,-84.6,-1.000,130.2,153.1,50.7,61.6,153.1,102.9,76.9,punto adelante de la componente
523,26.150,LOW,toca_abajo,-87.7,-1.000,148.0,,68.5,,153.1,102.9,76.9,ultimo objetivo confiable (memoria)
524,26.200,PERDIDA,sin_componente,-89.5,0.000,,,,,,,0.0,sin objetivo
525,26.250,PERDIDA,sin_componente,0.0,0.000,,,,,,,0.0,sin objetivo
526,26.300,PERDIDA,sin_componente,0.0,0.000,,,,,,,0.0,sin objetivo
527,26.350,PERDIDA,sin_componente,0.0,0.000,,,,,,,0.0,sin objetivo
528,26.400,PERDIDA,sin_componente,0.0,0.000,,,,,,,0.0,sin objetivo
529,26.450,PERDIDA,sin_componente,0.0,0.000,,,,,,,0.0,sin objetivo
530,26.500,PERDIDA,sin_componente,0.0,0.000,,,,,,,0.0,sin objetivo
531,26.550,PERDIDA,sin_componente,0.0,0.000,,,,,,,0.0,sin objetivo
532,26.600,PERDIDA,sin_componente,0.0,0.000,,,,,,,0.0,sin objetivo
533,26.650,PERDIDA,sin_componente,0.0,0.000,,,,,,,0.0,sin objetivo
534,26.700,PERDIDA,sin_componente,0.0,0.000,,,,,,,0.0,sin objetivo
535,26.750,PERDIDA,sin_componente,0.0,0.000,,,,,,,0.0,sin objetivo
536,26.800,PERDIDA,sin_componente,0.0,0.000,,,,,,,0.0,sin objetivo
537,26.850,PERDIDA,sin_componente,0.0,0.000,,,,,,,0.0,sin objetivo
538,26.900,PERDIDA,sin_componente,0.0,0.000,,,,,,,0.0,sin objetivo
539,26.950,PERDIDA,sin_componente,0.0,0.000,,,,,,,0.0,sin objetivo
540,27.000,PERDIDA,sin_componente,0.0,0.000,,,,,,,0.0,sin objetivo
541,27.050,PERDIDA,sin_componente,0.0,0.000,,,,,,,0.0,sin objetivo
542,27.100,PERDIDA,sin_componente,0.0,0.000,,,,,,,0.0,sin objetivo
543,27.150,PERDIDA,sin_componente,0.0,0.000,,,,,,,0.0,sin objetivo
544,27.200,PERDIDA,sin_componente,0.0,0.000,,,,,,,0.0,sin objetivo
545,27.250,PERDIDA,sin_componente,0.0,0.000,,,,,,,0.0,sin objetivo
546,27.300,PERDIDA,sin_componente,0.0,0.000,,,,,,,0.0,sin objetivo
547,27.350,PERDIDA,sin_componente,0.0,0.000,,,,,,,0.0,sin objetivo
548,27.400,PERDIDA,sin_componente,0.0,0.000,,,,,,,0.0,sin objetivo
549,27.450,PERDIDA,sin_componente,45.6,0.000,,,,,,,0.0,sin objetivo
550,27.500,SIN_CERCA,salto_grande,45.8,0.600,,,,,153.1,102.9,76.9,memoria
551,27.550,SIN_CERCA,salto_grande,45.9,0.600,,,,,153.1,102.9,76.9,memoria
552,27.600,SIN_CERCA,salto_grande,45.8,0.600,,,,,153.1,102.9,76.9,memoria
553,27.650,SIN_CERCA,salto_grande,46.0,0.600,,,,,153.1,102.9,76.9,memoria
554,27.700,SIN_CERCA,salto_grande,45.9,0.600,,,,,153.1,102.9,76.9,memoria
555,27.750,SIN_CERCA,salto_grande,45.8,0.600,,,,,153.1,102.9,76.9,memoria
556,27.800,SIN_CERCA,salto_grande,45.8,0.600,,,,,153.1,102.9,76.9,memoria
557,27.850,SIN_CERCA,salto_grande,45.8,0.600,,,,,153.1,102.9,76.9,memoria
558,27.900,SIN_CERCA,salto_grande,45.8,0.600,,,,,153.1,102.9,76.9,memoria
559,27.950,SIN_CERCA,salto_grande,45.6,0.600,,,,,153.1,102.9,76.9,memoria
560,28.000,SIN_CERCA,salto_grande,45.3,0.600,,,,,153.1,102.9,76.9,memoria
561,28.050,SIN_CERCA,salto_grande,47.4,0.600,,,,,153.1,102.9,76.9,memoria
562,28.100,HIGH,toca_abajo,60.9,0.913,8.1,4.4,-71.4,-13.2,4.4,100.0,-75.1,punto adelante de la componente
563,28.150,HIGH,toca_abajo,64.2,0.964,14.5,11.4,-65.0,-11.5,11.4,99.7,-73.4,punto adelante de la componente
564,28.200,HIGH,toca_abajo,65.0,0.975,22.0,18.7,-57.5,-12.2,18.7,99.8,-71.6,punto adelante de la componente
565,28.250,HIGH,toca_abajo,64.0,0.960,26.8,23.1,-52.7,-14.4,23.1,99.9,-70.4,punto adelante de la componente
566,28.300,HIGH,toca_abajo,62.0,0.930,31.2,28.2,-48.3,-11.6,28.2,100.0,-68.7,punto adelante de la componente
567,28.350,HIGH,toca_abajo,59.0,0.884,37.3,34.4,-42.2,-11.6,34.4,100.1,-66.2,punto adelante de la componente
568,28.400,HIGH,toca_abajo,57.5,0.862,41.2,38.1,-38.3,-12.1,38.1,100.1,-64.3,punto adelante de la componente
569,28.450,HIGH,toca_abajo,56.1,0.841,44.8,42.0,-34.7,-11.0,42.0,100.2,-62.2,punto adelante de la componente
570,28.500,HIGH,toca_abajo,55.5,0.833,46.6,43.7,-32.9,-11.3,43.7,100.2,-61.0,punto adelante de la componente
571,28.550,HIGH,toca_abajo,53.6,0.803,50.0,47.4,-29.5,-10.1,47.4,100.2,-58.3,punto adelante de la componente
572,28.600,HIGH,toca_abajo,51.2,0.768,54.3,51.7,-25.2,-10.0,51.7,100.2,-54.5,punto adelante de la componente
573,28.650,HIGH,toca_abajo,48.4,0.726,58.0,55.8,-21.5,-8.9,55.8,100.3,-50.3,punto adelante de la componente
574,28.700,HIGH,toca_abajo,44.3,0.664,60.8,59.0,-18.7,-6.9,59.0,100.3,-46.1,punto adelante de la componente
575,28.750,HIGH,toca_abajo,34.1,0.511,66.0,65.1,-13.5,-3.6,65.1,100.3,-36.1,punto adelante de la componente
576,28.800,HIGH,toca_abajo,22.2,0.332,71.0,69.7,-8.5,-5.5,69.7,100.4,-26.7,punto adelante de la componente
577,28.850,HIGH,toca_abajo,7.9,0.119,74.6,73.9,-4.9,-2.9,73.9,100.5,-16.0,punto adelante de la componente
578,28.900,HIGH,toca_abajo,-7.8,-0.117,79.3,78.5,-0.2,-2.9,78.5,100.4,-2.8,punto adelante de la componente
579,28.950,HIGH,toca_abajo,-20.6,-0.309,83.1,82.4,3.6,-3.1,82.4,100.4,8.3,punto adelante de la componente
580,29.000,HIGH,toca_abajo,-28.9,-0.433,86.2,84.9,6.7,-4.9,84.9,100.4,15.5,punto adelante de la componente
581,29.050,HIGH,toca_abajo,-32.3,-0.485,87.4,86.2,7.9,-4.9,86.2,100.3,18.8,punto adelante de la componente
582,29.100,HIGH,toca_abajo,-34.2,-0.512,88.2,86.7,8.7,-5.8,86.7,100.3,20.1,punto adelante de la componente
583,29.150,HIGH,toca_abajo,-34.5,-0.517,88.4,87.2,8.9,-4.7,87.2,100.3,21.4,punto adelante de la componente
584,29.200,HIGH,toca_abajo,-34.6,-0.519,88.3,87.4,8.8,-3.9,87.4,100.3,21.7,punto adelante de la componente
585,29.250,HIGH,toca_abajo,-34.5,-0.517,88.5,87.6,9.0,-3.4,87.6,100.3,22.4,punto adelante de la componente
586,29.300,HIGH,toca_abajo,-35.2,-0.529,89.2,87.8,9.7,-5.5,87.8,100.3,22.8,punto adelante de la componente
587,29.350,HIGH,toca_abajo,-37.4,-0.562,89.5,88.6,10.0,-3.5,88.6,100.3,24.9,punto adelante de la componente
588,29.400,HIGH,toca_abajo,-41.8,-0.626,91.6,90.5,12.1,-4.1,90.5,100.3,29.2,punto adelante de la componente
589,29.450,HIGH,toca_abajo,-48.7,-0.730,94.5,94.9,15.0,1.3,94.9,100.1,37.6,punto adelante de la componente
590,29.500,HIGH,toca_abajo,-58.0,-0.870,96.5,106.9,17.0,35.2,106.9,99.8,53.6,punto adelante de la componente
591,29.550,HIGH,toca_abajo,-66.7,-1.000,102.5,113.6,23.0,37.9,113.6,100.1,59.8,punto adelante de la componente
592,29.600,HIGH,toca_abajo,-72.8,-1.000,112.2,115.3,32.7,11.9,115.3,100.2,61.0,punto adelante de la componente
593,29.650,HIGH,toca_abajo,-73.3,-1.000,113.5,115.6,34.0,8.2,115.6,100.2,61.2,punto adelante de la componente
594,29.700,HIGH,toca_abajo,-73.4,-1.000,113.5,115.6,34.0,8.2,115.6,100.2,61.2,punto adelante de la componente
595,29.750,HIGH,toca_abajo,-73.2,-1.000,113.0,115.3,33.5,9.3,115.3,100.2,61.0,punto adelante de la componente
596,29.800,HIGH,toca_abajo,-72.8,-1.000,112.5,114.9,33.0,9.7,114.9,100.2,60.7,punto adelante de la componente
597,29.850,HIGH,toca_abajo,-72.6,-1.000,112.2,114.8,32.7,10.3,114.8,100.2,60.7,punto adelante de la componente
598,29.900,HIGH,toca_abajo,-72.5,-1.000,112.4,114.9,32.9,9.9,114.9,100.1,60.7,punto adelante de la componente
599,29.950,HIGH,toca_abajo,-72.6,-1.000,112.7,114.9,33.2,8.8,114.9,100.2,60.7,punto adelante de la componente
600,30.000,HIGH,toca_abajo,-72.6,-1.000,112.4,114.8,32.9,9.5,114.8,100.1,60.6,punto adelante de la componente
601,30.050,HIGH,toca_abajo,-72.8,-1.000,112.7,114.9,33.2,8.8,114.9,100.2,60.8,punto adelante de la componente
602,30.100,HIGH,toca_abajo,-72.8,-1.000,112.8,114.8,33.3,8.0,114.8,100.2,60.7,punto adelante de la componente
603,30.150,HIGH,toca_abajo,-72.7,-1.000,112.2,114.8,32.7,10.3,114.8,100.1,60.6,punto adelante de la componente
604,30.200,HIGH,toca_abajo,-72.9,-1.000,112.7,115.0,33.2,9.1,115.0,100.2,60.8,punto adelante de la componente
605,30.250,HIGH,toca_abajo,-72.9,-1.000,112.4,115.0,32.9,10.1,115.0,100.2,60.8,punto adelante de la componente
606,30.300,HIGH,toca_abajo,-72.8,-1.000,112.3,114.9,32.8,10.3,114.9,100.2,60.7,punto adelante de la componente
607,30.350,HIGH,toca_abajo,-72.7,-1.000,112.4,114.8,32.9,9.8,114.8,100.1,60.7,punto adelante de la componente
608,30.400,HIGH,toca_abajo,-72.7,-1.000,112.3,114.8,32.8,10.0,114.8,100.1,60.7,punto adelante de la componente
609,30.450,HIGH,toca_abajo,-72.7,-1.000,112.3,114.8,32.8,10.0,114.8,100.1,60.7,punto adelante de la componente
610,30.500,HIGH,toca_abajo,-72.8,-1.000,112.4,114.9,32.9,10.0,114.9,100.1,60.7,punto adelante de la componente
611,30.550,HIGH,toca_abajo,-72.7,-1.000,112.3,114.9,32.8,10.2,114.9,100.1,60.7,punto adelante de la componente
612,30.600,HIGH,toca_abajo,-72.7,-1.000,112.4,114.8,32.9,9.7,114.8,100.1,60.6,punto adelante de la componente
613,30.650,HIGH,toca_abajo,-72.7,-1.000,112.3,114.9,32.8,10.2,114.9,100.1,60.7,punto adelante de la componente
614,30.700,HIGH,toca_abajo,-72.7,-1.000,112.3,114.8,32.8,9.8,114.8,100.2,60.6,punto adelante de la componente
615,30.750,HIGH,toca_abajo,-72.7,-1.000,112.4,114.7,32.9,9.3,114.7,100.1,60.6,punto adelante de la componente
616,30.800,HIGH,toca_abajo,-72.7,-1.000,112.3,114.8,32.8,10.0,114.8,100.1,60.7,punto adelante de la componente
617,30.850,HIGH,toca_abajo,-72.7,-1.000,112.3,114.9,32.8,10.1,114.9,100.1,60.7,punto adelante de la componente
618,30.900,HIGH,toca_abajo,-72.7,-1.000,112.3,114.8,32.8,10.1,114.8,100.2,60.7,punto adelante de la componente
619,30.950,HIGH,toca_abajo,-72.8,-1.000,112.3,114.9,32.8,10.3,114.9,100.2,60.7,punto adelante de la componente
620,31.000,HIGH,toca_abajo,-72.8,-1.000,112.3,114.8,32.8,10.0,114.8,100.1,60.7,punto adelante de la componente
621,31.050,HIGH,toca_abajo,-72.7,-1.000,112.3,114.8,32.8,9.9,114.8,100.1,60.6,punto adelante de la componente
622,31.100,HIGH,toca_abajo,-72.7,-1.000,112.3,114.9,32.8,10.2,114.9,100.2,60.7,punto adelante de la componente
623,31.150,HIGH,toca_abajo,-72.7,-1.000,112.3,114.8,32.8,10.2,114.8,100.1,60.7,punto adelante de la componente
624,31.200,HIGH,toca_abajo,-72.7,-1.000,112.3,114.8,32.8,10.0,114.8,100.1,60.7,punto adelante de la componente
625,31.250,HIGH,toca_abajo,-72.8,-1.000,112.3,114.8,32.8,10.0,114.8,100.1,60.7,punto adelante de la componente
626,31.300,HIGH,toca_abajo,-72.7,-1.000,112.3,114.8,32.8,9.8,114.8,100.1,60.6,punto adelante de la componente
627,31.350,HIGH,toca_abajo,-72.7,-1.000,112.3,114.8,32.8,10.0,114.8,100.1,60.7,punto adelante de la componente
628,31.400,HIGH,toca_abajo,-72.7,-1.000,112.3,114.8,32.8,10.0,114.8,100.1,60.7,punto adelante de la componente
629,31.450,HIGH,toca_abajo,-72.8,-1.000,112.3,114.9,32.8,10.2,114.9,100.2,60.7,punto adelante de la componente
630,31.500,HIGH,toca_abajo,-72.8,-1.000,112.3,114.9,32.8,10.1,114.9,100.2,60.7,punto adelante de la componente
631,31.550,HIGH,toca_abajo,-72.8,-1.000,112.3,114.9,32.8,10.4,114.9,100.2,60.8,punto adelante de la componente
632,31.600,HIGH,toca_abajo,-72.8,-1.000,112.3,114.9,32.8,10.4,114.9,100.2,60.7,punto adelante de la componente
633,31.650,HIGH,toca_abajo,-72.8,-1.000,112.3,114.9,32.8,10.5,114.9,100.2,60.7,punto adelante de la componente
634,31.700,HIGH,toca_abajo,-72.8,-1.000,112.3,114.9,32.8,10.4,114.9,100.2,60.7,punto adelante de la componente
635,31.750,HIGH,toca_abajo,-72.8,-1.000,112.3,114.9,32.8,10.3,114.9,100.1,60.7,punto adelante de la componente
636,31.800,HIGH,toca_abajo,-72.7,-1.000,112.3,114.9,32.8,10.5,114.9,100.1,60.7,punto adelante de la componente
637,31.850,HIGH,toca_abajo,-72.7,-1.000,112.3,114.9,32.8,10.5,114.9,100.1,60.7,punto adelante de la componente
638,31.900,HIGH,toca_abajo,-72.7,-1.000,112.3,114.9,32.8,10.2,114.9,100.1,60.7,punto adelante de la componente
639,31.950,HIGH,toca_abajo,-72.7,-1.000,112.3,114.9,32.8,10.4,114.9,100.1,60.7,punto adelante de la componente
640,32.000,HIGH,toca_abajo,-72.7,-1.000,112.3,114.9,32.8,10.4,114.9,100.1,60.7,punto adelante de la componente
641,32.050,HIGH,toca_abajo,-72.7,-1.000,112.3,114.8,32.8,10.2,114.8,100.1,60.7,punto adelante de la componente
